timestep,reward
10,0.13996938775510173
1326,0.1256938775510203
